<data>
    <expression>
        <operand1>5</operand1>
        <operator>^</operator>
        <operand2>2</operand2>
    </expression>
    <expression>
        <operand1>12</operand1>
        <operator>%</operator>
        <operand2>5</operand2>
    </expression>
    <expression>
        <operand1>abc</operand1>
        <operator>*</operator>
        <operand2>3</operand2>
    </expression>
    <expression>
        <operand1>8</operand1>
        <operator>$</operator>
        <operand2>4</operand2>
    </expression>
    <expression>
        <operand1>6.7</operand1>
        <operator>+</operator>
        <operand2>3</operand2>
    </expression>
    <expression>
        <operand1>9</operand1>
        <operator>/</operator>
        <operand2>0</operand2>
    </expression>
    <expression>
        <operand1>xyz</operand1>
        <operator>^</operator>
        <operand2>2</operand2>
    </expression>
    <expression>
        <operand1>4</operand1>
        <operator>-</operator>
        <operand2>3</operand2>
    </expression>
    <expression>
        <operand1>7</operand1>
        <operator>*</operator>
        <operand2>7</operand2>
    </expression>
    <expression>
        <operand1>10</operand1>
        <operator>'</operator>
        <operand2>2</operand2>
    </expression>
</data>
